EYXQoRVfNNvSxTMvxSx6u80D8rMG5Pfn,SUCCESS
3WiS069Hx96SuO45nU2cTCEjXYBAeC4m,SUCCESS
LQocHnUyzwKGyoTYYNoMH9tSgiKSU7dl,SUCCESS
f8An8FOMHwXSq2Y9d6FRXwQ7tXHqxjxK,SUCCESS
IFswtRzaOyN0HTdfTWrOqmxJUkbqRgao,SUCCESS
cqtb868Qsr5Skzcwl9vFfdeckLoebTKv,SUCCESS
sVk5KLlPJ4MtKmLLw388S1ixOHPsWVPf,SUCCESS
9bGFrpHLKL8WeNYUlJ1CEIXxY1XhJcYu,SUCCESS
Vc1vwOMIXSApIsLORiTJAYrU5t97DBHX,SUCCESS
hWrMceqhruceTpbUk5y5jIT8UtGgSk4r,SUCCESS
XZ3t4KEVJFdt5Ct09BpnNR0tkweJ6wgT,SUCCESS
0y917d5MGVR6azvIRBEPTBNX14DrLBzW,SUCCESS
P4Ebpzq5AT1cJUPsXik0wFyO8laMkzPO,SUCCESS
TY4zxM4PLsGnwHPjpKmOCeugcMR5wxck,SUCCESS
OuHd5YyrOBlXGbnoaeayu7ESV18EXNAk,SUCCESS
vHIYjm0ObgSFmdsYUzSmz7r3r26uLqwt,SUCCESS
2OTCPihPvJpAT7Z1HS674pryq88EpsuJ,SUCCESS
PU8DAwHqlLE739eTvD2yRpaXbRhtxfaY,SUCCESS
lWucMaGx7cWggQfhOHtg9KIfIPCzwLkQ,SUCCESS
3MU445ixH2tjKWV9zhQnfVhrxnxl3kmz,SUCCESS
VPrWZTMaxlmAwBQmTIrLP1h1h5ubRn1a,SUCCESS
EwWks4Ll9a3txFD76nIEA13GXBV2Y0zZ,SUCCESS
HmWp3wtB0k6LtuLUEibMZkF9o2X02DVG,SUCCESS
RxgDs1jWvryuxeBz7NoyjJCVNe6LgFMA,SUCCESS
LoEH9RxCgROzg1KRTXDzZDGmwoTCh2es,SUCCESS
it63PRxupFLvyyuQUhsznKvZidAUbfAe,SUCCESS
qx4oD2sGCJsyRndsRB1LhOoaCuoaRbku,SUCCESS
mXYrd99MIfFKMVBBaOmS51RY13rWi1iu,SUCCESS
GzXiQDYlHCVURAcr5j9VhRw1C79wkmhD,SUCCESS
OXp3a5PMLyyCBFNxsa3jEiqHJIc68oiN,SUCCESS
ySpbFxBIM2oz6HmSSIcnczDwWtraZP03,SUCCESS
9ESmXno7nVxx7ZHK504wQFfi0JIdJ14S,SUCCESS
oK0Ng4GlrmSsoNU9OtL110b2QSViqwhX,SUCCESS
MHf72o61GARfBTBlG8ZNNqYTTsz1JxjT,SUCCESS
L1cCi0L26yg0QSEMIPI8T9srps87aa48,SUCCESS
ze64V5LwRZ9yM2w6bxmSCeCoeySryYy7,SUCCESS
ckbrh2XvXeYSmI8RqFfHeKRI6sZR39Co,SUCCESS
jTaEuOA5WzbRk1w68IcfWql5kQAIhkrf,SUCCESS
9DmGmxRKXg4xQ1v6iNHEuDHH97X99chj,SUCCESS
YVfXAgfkbV1OEXOrCSWONjSLDjnNiyYK,SUCCESS
7lby2FM5YE8tmU4I62nkKkmPE4aB6P8C,SUCCESS
w7hTKnuxyi1eMhUx7gkw9wG1TT2Zumte,SUCCESS
urbPIxBUzNX9nZBOey5EqJdYeYaDEZBQ,SUCCESS
E0HMrfzaKS6LKY38XhuDvJJvcazSvLV6,SUCCESS
SJpEw1b78NQ1qy34zUUEQUWfhNniEq74,SUCCESS
ybEHuNqKAt9BSIqrCVUoc4OphuHovAXn,SUCCESS
r7noAjX9tmafWNzl9saszZNJAJLuixgT,SUCCESS
L62RUYMnRKEhAHuJYeHi7m0Wtbz63wgA,SUCCESS
Ehm28i9tmct7SMm9BEWZJiJca6ozFJ1p,SUCCESS
koTvEnGPAW0omTO99YW21kN4goXwG6x7,SUCCESS
NEL7UVEjfTFEXC2wIb6vu7EZcB5he3iM,SUCCESS
zDl34TnZVgdrPR0LYHH3urmeKQdmlDqM,SUCCESS
J20OQlDI5r5we6RiPMKaW7n8BtMMKmal,SUCCESS
r575inFvlRZFHIWveWmgLoA0QOqU56i2,SUCCESS
MzJPPevOiZOcG4mIk1AuhxVj7TtLOHyD,SUCCESS
E1IGmVZf9P3zvlvWRRAxd2zD6YqR9Xoz,SUCCESS
SWtspEfI4QdneirHwk7fn5qSTOYBfAl3,SUCCESS
ysAqV9ikVqd8Lt3DYjPJEciMmmdQNK8i,SUCCESS
SgZ34xMmS4fVz6Yz13iI5F7cGQBOqJPH,SUCCESS
N027ougHHmDXBryjshbDwwDHJUYBatfc,SUCCESS
DfhrqQge5bjTbcVAsIpC3V4vsSSfYRQu,SUCCESS
Al0aQXHj7P7YxjD2d3aEKRIFrR9BOEiH,SUCCESS
rhEf894tUvRyM9QdAMzBEszkhxWaUDoQ,SUCCESS
HvWScZWtGZTrhBcUxROzKUmRXmjtkAjC,SUCCESS
SlIBJCWwOdIWvAx655ycDOfsW32Rtpct,SUCCESS
fSfnlUktJH0vSvWzh3INTBELw1fh8FLF,SUCCESS
ksyAVymJwudBigUGeyOpymJwdmJ47KhH,SUCCESS
OS83hKj3uBqEp8fTcKYFauTL5CtviL2C,SUCCESS
bA0XVvDkoXdafWu693EpBxlYJ1RBN9tg,SUCCESS
n6jGfziPDEr9kpojZU1NjXH5Jr1KmSAO,SUCCESS
wzY37zBjVailHjlAtnR2KC3QQiCmDjHo,SUCCESS
J6deAT6tCQ05UXBndn9Vc7quF21XBS7R,SUCCESS
snGa1rLdSA7ye3rc0Pg5dDZVQSJki99L,SUCCESS
S6lZHnybLm2MbHUFlRGEZM5tKTIwTuQP,SUCCESS
hT6NlY5PuyY79S1uULgQH9KLGTbQDKwS,SUCCESS
7DpAr6eOgvqUUEeS1NmXDA6eVRwDnIyN,SUCCESS
ok43KzwdNNkmLsqLHyOY6hUK78FGuFUs,SUCCESS
tLfrvCmuiH5I8ekThaJRnooIOfgS6oWL,SUCCESS
sSlSZuYqDYIhy4QyTUt50cqhBiOgkrzX,SUCCESS
flsolxnTBxuqEdWFgpZ2ImMvxJZS2nQ0,SUCCESS
XvT7cAWbBVT3kTxo31M65PpYSitP9ICM,SUCCESS
5KvKnepHmgdcTHo5IsE5Fmf5sG4ofGDo,SUCCESS
bilmA7YaCKunfGiBoVzuECaAZFRyDdXw,SUCCESS
TLda5vBlie0Tn2rSe6PEx9BIuFc5rGIw,SUCCESS
kS0DGbCTBIWSRNV77fbflPymag2vqDfP,SUCCESS
1tPBZx9FjJTZIOAZ8YsfoMzWEn4M7WP4,SUCCESS
XfUAPfgdfd1LOBff6yWXSBYnNRf8OuOg,SUCCESS
vjlTlS5xackY2MleheZOHisqMv2uXlky,SUCCESS
4B6vtvQ8ztH4VK6ElqT9oSc5DNmThLOz,SUCCESS
8TK5Hzy6UaGQCI3kKj1NphY3NoowA6pj,SUCCESS
0zclomHaZTi5BgGZD6wPkIVXkH8MdJ2e,SUCCESS
91uKnFitB4sBnuBwPJvvsquZJ4RVVLsj,SUCCESS
Z1HHJPcaveZ3Sap6g0D7Ncj2DuYTwMHB,SUCCESS
WvUhdfBXekm1BHTwNHuDtEZn1mx6L0NK,SUCCESS
UCjwQCQFBf3cRbt4LvbkRJdJhehotBBx,SUCCESS
hHf6SibezJU3Fe5ha8RU9ax9MXaBfs9B,SUCCESS
nasu4OC3Km8Qfw8mzrS9nZ7JbRgQ0S89,SUCCESS
ZCiyVLUIzCMaOSe8KfPPh86PUb5V2jyp,SUCCESS
Pq6r0m3rPF9FBCRPGl7iTbuZDJwKuWyJ,SUCCESS
R5hqvkYbb66fckQ0BKGytr6WPdTYqycT,SUCCESS
s44jwDJPTZ9gsnBrU4TQVpxph8dsVPtq,SUCCESS
B9UFpdRCSVHCfZ4V8BhW0hrDAfwABHaY,SUCCESS
t74QuGUZ9KCV8jBYW2PTDFfJrHu2xN2m,SUCCESS
T7uHlvTxDDkyBR1m8MnjS8iHlQgdRLHg,SUCCESS
ys6SLhuebk92H8aJb1zcFQedl0IPSHJ6,SUCCESS
pcjplFivwWZLXhBsc4VOwvPVLPwgc8aG,SUCCESS
BVoIme6D292XO3gGAjdlTl7VK2fRvrV9,SUCCESS
b74C8T9tGMdgxOF1PsbDntylhiARKwX6,SUCCESS
SJhSXcZQyUzXAE1AWBJccQjF5DOtNZLh,SUCCESS
ctX0fFQeJWcf0PtusLNzgbBBQl3pcyqF,SUCCESS
ExVDClyWZZdKkl5NbQ81TmoannaIAdsa,SUCCESS
XyGxphc4Xh5I1CApEPLpcxzDPq3zwAFz,SUCCESS
NLmVwbYcmTX0nnck2WRKwNpSAWu5Ta7U,SUCCESS
NNQ1Uiu5kxj7M68ZldxqUDbKqojpG6fW,SUCCESS
gfp5i5lpd48HEjuL6B5so1gXPHN3vvr6,SUCCESS
OUNUEvLXeiR7ocDvn4254asJ1TCWfupP,SUCCESS
ILpjDOgNhMQ7AI7w6CuTkH3yruAziF04,SUCCESS
Yw2L9BECZiSindYhWoUtlDXI8k1OAD2l,SUCCESS
VgqPEDWd23IbUZGzhqgAqAeTJJG4hpZc,SUCCESS
B8hoXQW5LUUbCelllhsH0qoXKX17wk4W,SUCCESS
6HMX9jWkcK3v5OPpEDpvMPha7arLtt8S,SUCCESS
kxyIsdC5bL7Bbwd3ycXoVUVdC0frKpgq,SUCCESS
8JDOVQcOaGUQgrPy5ElSciomLexckN6L,SUCCESS
WLljkkKmYmpQdT1Zz9EsvhmLYXMQA7uQ,SUCCESS
VF1z5lZzJsIFDxhPzXgcqUepXDpwTcak,SUCCESS
mNIqa9DI14JLxUGaEcNlw9bWNblehnv7,SUCCESS
fZ3d7k7wg0IVbTQs8O3PbpCs5uJbR5mP,SUCCESS
5moTPF9LxI6RPaqJVsHbRYEW252x68Sw,SUCCESS
YvsXSHed6zfBR34pGpOBZaY3C6YzuwRP,SUCCESS
ahFnyv0psThzFlxt6fOqZyke347YMGP3,SUCCESS
2oLRkj4CwQHyuFN40yPGKLb4WBWeB8dw,SUCCESS
MMH9NkMeukPSMPvnfkYdEsUa4cgZ7xjz,SUCCESS
pCwu7zc6urgpzf3O5Tb5GKU2Gu3IO1HK,SUCCESS
e9Qw3kYJPuB6gJsMqFAI2VvI9ctcQiBw,SUCCESS
ITKfh4c0HSgljQnxvSgwFW9KPFM65ZYn,SUCCESS
i3iF3hnafnpHuRWMpAQL4eTaxxA2UFzb,SUCCESS
Rmiz4XAoppIQUIjZccqMrXXnKFTIZS4F,SUCCESS
8JDanU8HbfCuyx7PJrYZTZLXlnio4kLx,SUCCESS
p200fynb2DlRMnSWl7TFDDMYkIC8DLFI,SUCCESS
UnL6rCAzKKpbPfTDBHWJtkSnYR6UOQDI,SUCCESS
hjgO53jRNaNOzitsTy0nzJkCl9jBFPgF,SUCCESS
yX0w0knzr86kE2n1eCA6WMFRG36W8WKD,SUCCESS
Om1Cg7OGR6X1p6dp9srJB7ON65CvONOA,SUCCESS
ngAfdMJGSDl09qqsUMZ9ztBCPRq1sYlj,SUCCESS
JgwYxO1aeD1wI9zVc3FERFSgu4YZJFDD,SUCCESS
2zzkzMWQcs28s0AHD5t7dE87auEvKKMY,SUCCESS
q9j5WytmFO12C4UWsVuNzlRIVG05nzxe,SUCCESS
nMLZMVVU7c5Kz42PENrQhHyR1ri4lnKx,SUCCESS
8LOzzLAefPZNp099PWREzCxfjdkogOaI,SUCCESS
sGMpjgrPgky7MR2UfjCp95HUcI8DfXx1,SUCCESS
0NlMkyqU7KoOnCIVJ4pYM2vWb9N90cx8,SUCCESS
dKutxBPKJwbjf1VjKhxX0EGXAfRB0OQE,SUCCESS
Zb6WhFVghm4I8bY585KdSNtqffpAmswT,SUCCESS
2NMHkItk9ksq8LVPrz6bQHwQLqM27Biq,SUCCESS
iCDLYf9JXSIJmSCne7sx3SAmBhgQuqpg,SUCCESS
eZxmyPG8soA7lTDleBVsmctYyIQkEbel,SUCCESS
rPbVy9Vqai7ohVZrbhpiMen40cNcUOS4,SUCCESS
Vp4VfpI8kYa5gP9XVtgCLGStPlmjRM80,SUCCESS
PFO5vjdnF7ePTZdhOFmVvnI7eEeVbKKZ,SUCCESS
SigeaXLbd5Yfo8HQBP5oeQ2zAzKZu0C0,SUCCESS
k0beaMHSNjjsbiMT1BFEl9tLOcNc9QD8,SUCCESS
Iaz2Lb0RKCvXoJfLq4EPtEWmXzP0LaxR,SUCCESS
HF34LIxip9IHTo2qpQ5dSEGM8kO2rJwc,SUCCESS
gtGOj9Ewfh7RWJeaZ6rVkgBmTtKqzW4j,SUCCESS
39UBOCEIzHY1YPa6j6Rj8NuHs0k8bcMV,SUCCESS
76gUoqMQ8pdUrLNnJnE7DHdbiPdkYcTC,SUCCESS
BxQ1p304wjdfLj9HzsZWvsoCvXzQ2gJh,SUCCESS
LFUEmjpOajl1ngobIMdXYkLr0eB0esjS,SUCCESS
IcGjmhUSLkm5PjVLikgnrAjEsQxMyvY6,SUCCESS
QPAmgxXZBE6SZ9bmqanKioOjHXGCCQTl,SUCCESS
rq8JfPSA0cZJrBtQfn2wiNxX1Q8w8FOU,SUCCESS
FbwggxVAXLnLU8AMdLrlyTICXGtY0sNt,SUCCESS
NnFd5m3gf6OxHhUEm6eCi9NcjbVxn3lG,SUCCESS
obM9nFZhx3xK6VtyvtAFqShy9N62PxPU,SUCCESS
xnhfUqZte9Y0eirv95tOcVjr9U4rPuBq,SUCCESS
7EofywlGy03ZwmzawqGbe57Tq44YffQE,SUCCESS
qP0fmu8krd0tBhfD4gnqaneLAnIbH58E,SUCCESS
ZXu5JnDofmr3ybCaKGZXfrJRhYKffNjS,SUCCESS
gBvLWXO4jXzVwddvQR8a7YOWd7PaNYj6,SUCCESS
e5SzwcaSTevz4pWixAaMt63VGqJXVOa8,SUCCESS
ubS0IqBHWxku4P7xIsB6rg2GEcQYIlQQ,SUCCESS
vXbNr7FPXWq3EPRHUBeGLuTIBUAsSb0E,SUCCESS
SPbq2bpTPJptMgea9g3UudWfrDkrI6ux,SUCCESS
f09OjbIKlYa54UZ2pWm3eX7CG0mWasYP,SUCCESS
1op34mMjjoz3B8ru3lTXxZyYWNuUNY13,SUCCESS
M3JuXKxWJMtjGfwEdrtMEzcN24Q51BWq,SUCCESS
lTtrp8ENn03hqiKb7PnjMWw4RESiAyrR,SUCCESS
5FtjSFuIvfT8pRQ8f6aUC2jTUaJAlEH0,SUCCESS
br61a85ThqvXPFdmGri1fohi1vrJhM1S,SUCCESS
a8lprnCxqoEpbbf9jOKqInSj9loYMfwI,SUCCESS
KuY5OaAJnQh6aOuEbT0GQYh1HwOKPon0,SUCCESS
FgDTZDe7CXARUPo3ibUSWMzBWGTzbggu,SUCCESS
6plNY3Qq0C53gmn80YexLH4PSU80xZeB,SUCCESS
nyHRJusSMwZppYlega0aTcQYHmNMHQlf,SUCCESS
CEN9oNwo3WiWF8hdnl4cVpbqh47OkE6h,SUCCESS
xcLWqzvNAOyOBP12qcApwAcfZAvLgbps,SUCCESS
VFNdvaxEDzO3l9Dn8VQY5UNEtcQxIz3H,SUCCESS
HeTHv97mIePvV8cKi8dNnkCwETGwjkHj,SUCCESS
ykqQcP07wDuJyAwTrB9OoTddSwkdTIYM,SUCCESS
PUEEIb8IW6TZTBqL9ksJfowWzBfHGGkn,SUCCESS
GA5XyC72kfo4BPcEo4kSzgs6R7dPse16,SUCCESS
kvGFRTaj2XMDWjeyCUnqro1s2YuCBrfw,SUCCESS
IYYm25tP3LJOhhaGWGNHuXlM6pAjr7Bh,SUCCESS
SNhRSrU2EO2A5WTyRctM0y75QFOzcEsK,SUCCESS
TPdVkWSUmlRvmSInwo1OZew7RgV2Kx2f,SUCCESS
Wg2do03mk9SYCr0aOj4POCUGc5EpTtjO,SUCCESS
qiuyaMAEQxeBNbBBcL0BT4Z2rhn2WUhm,SUCCESS
zseDccIN6B37y8o3uGEFFHy7JjK3mgDA,SUCCESS
RqnUH9gSVQKkwQZYdYc5aAE6g3OLvnjb,SUCCESS
0q1pEx3sNtnBC1LKNxVDi3Uua4O6W11c,SUCCESS
3zwFh3rUYJQyVNOSnLTXfq5w3v0EBKc5,SUCCESS
3HB5JWmegfoIHZmGgfxh5nwGKeVSLDt8,SUCCESS
UXp3OE3EZYbWetpYrapChoLWqM9Dugmz,SUCCESS
FxlqTxbFxeRC6OrCKP7NuI9OwojyhdJM,SUCCESS
AQVcjCKDwY283WsGMWpbb9XlR8NgoIQD,SUCCESS
N11VxoETqnt7gUAFkRixLXUo699zhRi5,SUCCESS
wSwy8X9cywsydKkZND9z1WcULmRuxVMD,SUCCESS
YGEnD2p3qreGDETiCb0tqm1gP2ciYkyC,SUCCESS
lBA75I2htyqvlo9CY1rAVUjSx4sAEddu,SUCCESS
AGs2siMOx27pmv2ZLS3e4jellN94nUVN,SUCCESS
y2qNfBWAhQJaA0lODZy2sxFkkRxWdbi8,SUCCESS
gOfpLvEfOhMJaYUGwVJBn5swbUlugcPF,SUCCESS
uAwAcwfhwmQAp4a8k0G7HSW54ZIkSo3O,SUCCESS
jvsnrVnhLLqwX2yPpdHbpuT0YCkqCVN4,SUCCESS
X6Iq7eC2YoBEj9wjg1zlSjULJl7Pre5Z,SUCCESS
wE9u6IDkQzOniT9a6V8mNh0tagI3dm5e,SUCCESS
B9hdFL0S0dDPShvs2RpEcZnp2RU7nuvE,SUCCESS
XkCyiq9Y50by79txiHGwM1BEomc3qL45,SUCCESS
oMsQqFG160Jp4HQCgxJLbU3uGcnJAXFP,SUCCESS
lxmPsjmC7wYlIk988CCVQIUwbh3ozHR4,SUCCESS
v7M4Eb3JlZU9ib79F2b0luEa9UljOzeB,SUCCESS
PikM8LZ3ZT3iVcnEBFENqGanuXPB9MAp,SUCCESS
gNBt3dSUXQNJCIb3idgkIwY5KGCMGnvY,SUCCESS
xtrGfBjXEYFtyge0DoV5nhv3SPcTCXyS,SUCCESS
zbslEUM3Pmqofnmsto39oAzdTxRRZPlh,SUCCESS
wwUbNGjTrECMsw4SURVnb8AgRZhmVqU3,SUCCESS
PeTqlG8EKZto09uBXr0yV3BysA3Aj84S,SUCCESS
mANfUGD9bVYWFz5sAvSoSGSyliA5PUML,SUCCESS
TTqJgq82xeUOvGBfXKwr7hqnvS8Koc7t,SUCCESS
9dloQgRHSqeWn9S1tcHUwzfVO02Yk1gF,SUCCESS
dehwRW1NqSNLZXW7enNH0ILxRxK8BvVA,SUCCESS
9f5QKzwL5bXEudWplZBSzyxRlhFa7Fpj,SUCCESS
9git9d7CSnJncb8XG0O3eH84vaSf8es9,SUCCESS
XGdR0Exmyq7dMsUnjzSt0bJyPAnd2q3a,SUCCESS
ltJ95SSLq51VKGgyEZ7rNN1Sd331Izuw,SUCCESS
s3HFcNACaV0dGS0tm29vINDsZ75jljhP,SUCCESS
a5BmO05s5n796GHuKFiXkfElX7alTerO,SUCCESS
4b5K2mnKgmltJE21ntRp0obnrpk10y35,SUCCESS
GFwhQxsxR7BLrbQSe8sEzPm2Dj9Wwc9P,SUCCESS
blzUJU92z7AncVm8qYszH0XxR4G995Bu,SUCCESS
t1tsDJtLMBtJOKoF1X5eVjmJxtPpHnA0,SUCCESS
36aEOgjYfYvv66TXWu86f4xmGocnQZj3,SUCCESS
hkkxyFPrBNoJunUYeuKbLtiQdXMkoVu2,SUCCESS
UvAYAC7q6Ni0NVsaWL2GIEMtUJPbAOZR,SUCCESS
G35dVSuvB5yqfpCnRN0ZTDTBgg2W4bmk,SUCCESS
yvojWsFCGiwSh7gHObliZ3C9mCWg7XkV,SUCCESS
gQ8EK0WQdIwBwVFOupNQ9g9Ttirwu0IN,SUCCESS
m5rGMnicNBJqSaQ7UwspYvjCv9hmcDQD,SUCCESS
RdDYQreszMFwCSKLrHGEKIVlZMyQtmZA,SUCCESS
NvEMU3vNVZk8nlrlQopOnje5ix5neXy9,SUCCESS
ZAvW4CYeqTmk66o6B5WqTy2E4tYAJxlG,SUCCESS
0IwiNOf27OHrMIVNebJoP2kPaxsQCiPu,SUCCESS
71EWVklI4KksNUeWyUJi6QCU05akBE7g,SUCCESS
nm9eFILl49TwPfiPM1kmRx4ADQVQa3BE,SUCCESS
4KIX0Gwz2XRRVrOGda5O0jCJfAG2gRce,SUCCESS
aLZLNE8tIqqq0Pq4X5dPsEAvHvsWALt4,SUCCESS
PvnnW4OxAgZ1NLxVed5LzbPWC2bAuR29,SUCCESS
z5cUvxS2gn9lyBasKNF9fBJOVC9S8WCN,SUCCESS
0efElPZteGrbhfY29U61rs3VczLOFrjT,SUCCESS
eaLb56zdnAIfFi91UX2g70aAVubDTK8D,SUCCESS
OsTDLXYO415ysXDS0kVsDscfgbNhAYC6,SUCCESS
pFwkMGyElhSWJ5w7Ikgi5a78Ir9rG6nQ,SUCCESS
w2uqZaaK2JxRXSEC1OdrGm4WoN3Z9Wp7,SUCCESS
NFDXRVFWmt4bZagt5Njlt1ogse0WdPab,SUCCESS
5d7BedV2Xkkc9oovE4zxsHtVAqAUwyxK,SUCCESS
KvFrk14eEYi9cHwH1DP8xYgjmxJxq5Ny,SUCCESS
bi9Rw9ladQzpSwgSa8wXOEt6pej6wl29,SUCCESS
ykfTsmCQSNsEfclP70Ee1NM7h0oun9T8,SUCCESS
RcnOi136N3cLZ3sXStEVGOFICb5Ofg88,SUCCESS
s1E0Cl2e76obc9gXcanK4b2jEFyvfhRR,SUCCESS
WXay6YjXr88ReJBujb8aeEgITmSPhXAc,SUCCESS
lMBBnz95Boca4myuaq7tin1myUN2fXao,SUCCESS
owAs30vxUr8Cyuummpna9zrz6c6GAccq,SUCCESS
GFQEhjW9vicknyGAcUh0pntr5GQNKlQT,SUCCESS
RxCCHe69lSRoigK5iv8F9MISTVVfAvvG,SUCCESS
hRX4Yv617DjGqWJD5xBFQUBroEHQqHh8,SUCCESS
oaNNduoVc8YyuBPbWUv7sG3WEJwpnEuL,SUCCESS
M10qGvAFelQUFFgHhkAFKLRlh2i6Vc8W,SUCCESS
REmxcApsHxbZgKNvHWzSgzwZlZt4JOBO,SUCCESS
zyRQX6lixmPCd1rfBMEZZ1t1TliascXY,SUCCESS
Vqei9DXHLQvZS6TpkaXpOaImgnYIn3Ts,SUCCESS
r2yAelgGebIThaIMIMf9to6IJgAxPAmu,SUCCESS
fAU4C4adPrRMlSWYGXZc90qvvhLfH4ks,SUCCESS
BNI7I9GRqLtzEML4H13kSsvXS2bxBLEV,SUCCESS
kjgmKFdByaaDkwLzmxuDQwRRzwbvShQE,SUCCESS
yZb4GRLDMpA4EBXuVehOkz4T0saU4Hjj,SUCCESS
FMwsRLWY4qBAi1Jr3fzxfImfmMOFOeqC,SUCCESS
Uu0R4tU4RlYjjwA1BzM0Kb2LvfKokLWw,SUCCESS
LQLF27RWSQH92onV8URGuiqc6JgWwS3g,SUCCESS
MpKJJAE1SozPqbCzUoN0dkgu0YZnB5OR,SUCCESS
gf40scRIceFWytF6hb2PzNvhgpfzva4T,SUCCESS
UuSVYtcxIkSlJV2CJLhHJab3nezx7hj7,SUCCESS
6PoHo1YjbdSmMPz3qHkM4dne9oPez6uk,SUCCESS
JY9f2RaVAkpDrHv9ElbZGKHp6ne1WAlu,SUCCESS
eC4iX6flDhxaCJOAeAwDX9PwKMQxpJVK,SUCCESS
nUCU2y1dDBW04RBj6fBM9ClLhyZTsZd4,SUCCESS
7erVsdzeRNBZT5k4lICjZAxczMeR5fhS,SUCCESS
qaoDivIewflTj2R1CyNe6ClC7xpu3obz,SUCCESS
WEOJ20Kf76afoua6gfCGQPGQVKduSiCG,SUCCESS
tFH5CDi2pLpGk2foTDZkpi0upakD2NXb,SUCCESS
BaKOfCqieAPs07AhR4VnUD28tyYYZWCI,SUCCESS
SRJ1t39TwKvnrYE9AAn92LQtoqb0fPly,SUCCESS
hkmnZfLsksfU5pNrmuM8SfT2EH5r0dCq,SUCCESS
hAH6FtGgNzVXoFq2QgaznMHTkdLgmixh,SUCCESS
bfR6c6KrSaTQwzCptS4xACtMKtB0q0HO,SUCCESS
SMLGFPoxquhdPXosnC7zwSK0RX7eov5a,SUCCESS
qLyGr2ME2V7EMr5hKl9j1bGqYvBXI08m,SUCCESS
PT18UcW70Y8erQqOBTxDOLXrdfFxJ3U0,SUCCESS
hQ3QIyvSH5uuI5zy10cQx63rF8PMjsDS,SUCCESS
09Il2aMPNMiJTIKRs49nWEE6fcFKARYe,SUCCESS
JoLkfx7PjMpACCkUX9D3FqppQ6WnWwf8,SUCCESS
Lbrkj1xWAv3SHFalBrz4YP07dJZBFxeP,FAILURE
afslVR0xOrRbKXTqKhu4Mmd2UluEoqhk,FAILURE
LVz92FdDOOK5ARXMjbKf0th5pT2glcSK,FAILURE
p8wKRccjoMrzWe6qUVSUVfrcWIPsh7Qs,FAILURE
4bgIa0AlJUabR4Qhi7PJGFtFmqZ0pzE2,FAILURE
MQFo6yqmkUsrXF4iESPh7LL4QbxYKqIY,FAILURE
qgNJDgjsNfYuKeqaOsrRcUWDB5uOHf7M,FAILURE
RJzFt06PssHxKp58QnHd17NdzkVwzxxB,FAILURE
ChCwRTK0ra0xK85yTrRdGmnyfGo8Rz29,FAILURE
7z6eKfMHZgXbH3q0C1gWv2L6suY6MgPY,FAILURE
kE85Hbe1OpzQVLDE0ySE1hpr5eCcj9On,FAILURE
I4hI2aSz0PtNOb0isSTUQ7bpiXDbIu9K,FAILURE
tnSbA2YHBzxMi0hjhqYTljd9f9owJ2fR,FAILURE
tAF9UDK0qnjU8cKQXzCMRC2Yhu97sr53,FAILURE
PGAELiLZziCJFSD94dJNhQmd6slODtO5,FAILURE
hyJJ0IH7L2lqVgtOtT7d1He6QDeF1bGA,FAILURE
ybhnzFHnZImibNVHaC8ZM0lcoKCw2Po6,FAILURE
gjWHygPj9uACmk8bG3BJ3T56CZYSFc0F,FAILURE
D8jMsLXzEjCRQ7nZDksQJOqa3Usrbhia,FAILURE
ITPFxXXQNIhs7rXM3gLz5hfWCMOwhslu,FAILURE
xMU704elYT2Focps7qUPY0UCghRKpDqc,FAILURE
wbedTnW8b15w0CklI9wgjjjA7YGeRraV,FAILURE
4NCSFHZSgyV0U5TlDwD23ovmz2MPbQQ1,FAILURE
ugczYYLLWThAo6UixwjM8uv0e364e4ST,FAILURE
1tn9z8NA682d7Jdrh6hifixq1X8mHqiU,FAILURE
OxfvxsyZ1XSDwzpWQfjEKaGpxWFh8Qzk,FAILURE
8i1u7OO3DT4nyxQc34glzi6uw0ay0nBN,FAILURE
hpTutTNJ1QEGhFz2f1B5ZNUfeh1j71BC,FAILURE
Cq4AfeVvTCoFlgq0zHzOkoGdjNcxMkcy,FAILURE
5SOQc0EQmy83PWAdhP8anT3roErBA1LR,FAILURE
AMTnCaJLcA5NEN3EMNBgBb57u1LJ4M5j,FAILURE
e2OZsO82j76a5KNkAzmOjdJYyTsDBVbF,FAILURE
6XvfsNEmAz9sqdPodampv3hCa1rfmUsQ,FAILURE
Kkiy82TqvIZHOOfVmJU4cmfsIDVdUW4q,FAILURE
Xla4Up36jddFSATVfc96syLe24zMS6vN,FAILURE
jGwJxhcD581zo0VKpGOBlYoR0GS7cBcH,FAILURE
U2HdaguB9ZtOHpkb6ngqn27ZpQwTcgVw,FAILURE
KDzivEFa1C9e0Q1wAMSudIqcGSHQ4mT2,FAILURE
2af7NEBuGMjALiXfuT8nrJ8HUo0NLWFj,FAILURE
jxvjrc2MLDeBpsdToujrek93KBoTrHln,FAILURE
GAFRuf8WioiyMkd31aid2RQ8PN370sHO,FAILURE
VJSOUjN05dSsKO7SOuefYx3G76L9c4ED,FAILURE
HuzXKcko7z2K680tT9SKg7wKgR5wjgfB,FAILURE
tPPYMhOrP1NKWnVtUj6cvAVJzBCEUh5k,FAILURE
d3y3a9pFb6kdSU1n8V7QDY7rDVowfhMY,FAILURE
tzgyP74YRmM4LATdQqlm4PCoWVJcIREy,FAILURE
UoOMw0OU3bt63H8cKSjEuTOtuK1GdExW,FAILURE
XEG7BoOSANXVCxgekwuKroDShokBWADu,FAILURE
TsPin8Z3RcnPB2zsZYsNDvKkE4Et2wwU,FAILURE
VqUjcB3YTZfuzZu9VTqsLHcd05ott4tg,FAILURE
yO8AjV3JRJgRBDuoeNJuBmVysKPmIc4m,FAILURE
cPArDkPgmryeSC5uIBEMeTC8khaMZlda,FAILURE
FfIfy7ZkQkej8SK8S8Nf4yoaHCdmpt8r,FAILURE
KaKCNBQyggr1RYUXzpDdB04SQ2mz2wp1,FAILURE
VdSKxq0OWi55I7I3ckQvWdHUN1dmcgf9,FAILURE
qedphWQXBFqSZjwPtlWEzIYKBHWDMIey,FAILURE
uOekuW30oWBLXj9MFTaHSS7zCpxoS8T8,FAILURE
Dol4UtheaFiW5ygePNK8vse4ZIxDtnQv,FAILURE
QUArNcS005TDmxpxuEY2eu7HWCxmFu8Z,FAILURE
9Q4sXpJKinueSvc9DrH2loEMwJGpIJjT,FAILURE
fR3ohsWhLSlsvsPlNsjWHcaSLsmtLDYJ,FAILURE
dCngjRATQOwrlBV1fRuh6JqUMrZ078Ad,FAILURE
AQDNaq5CYXrNLg4oZ5ac4UEANsTvXOCX,FAILURE
gwKCsaJraOuEshPoiHbwVWhxM4HVOSgM,FAILURE
E1iX5CA7GI85Hd14ZeYzpaui8uBisWUN,FAILURE
Sj1QTeBSxUgpmMUAvXaMCR9RGOIC472O,FAILURE
2Tae9e35KStfIxd9G3haDCYFSJZJWbv3,FAILURE
i63GVLXArwk5vAsa7Jh8USkxxDosCsZa,FAILURE
sFzVxkwN44RgVCvL1Tc3PaRA6sB9tFGG,FAILURE
yGiyJbUnKAPayN9IKLIP6IX50IMjsKqo,FAILURE
uCKIVqEN3CXvCzmLHoq5lwP28GRvIIHf,FAILURE
V2gLpPwadzb2AYeJqHga4DyQH06obQ8h,FAILURE
flr6BbFtYgTaGQLeOBUseTeXCK3GafQC,FAILURE
6bBEbLQbKEWXUwU3ar73G76ihn0u7QrF,FAILURE
O66WChZspmLHBcgafHVevw84NiZQT05V,FAILURE
uiZi0kC6fsSVJzQ0liJbknXNDHhZAkTP,FAILURE
00zaIUrGa393fKniJV69IWFW5MgOugwg,FAILURE
IZRec0YJBU0FLUsq3etW4YqeQ2N7q5jW,FAILURE
8kUReB1Jf3EYnFVf7WKPzyaxljN9LRgN,FAILURE
OSsXXOpBdbR4JWrPf2uNOu4kebzQDxbi,FAILURE
pf5WQU51W3nfv9osrkelUMZQjj1kAahQ,FAILURE
HxODUmUawmyE8s5CXJ1rLy5mAtlAJyFy,FAILURE
0aNTRx0XR3wc21zQhXvysQY6FIGG8MyX,FAILURE
bZu8gB5g4deQILMJ2rr1e577T5SJTAgf,FAILURE
Pqxo79Y9KxNKfjFDgJ9XQ5zDKhJGInuC,FAILURE
gu7lm0UexMoQwWb22d3DzdSABJehg8lv,FAILURE
A9xCrDG2L70y6pj4T1mJBEVGEBGcLWY6,FAILURE
nFF8QXE60bxhmwey3bLcjZ4QIdXFVBIO,FAILURE
bjHHVq3nee1VIG3GK0vkhovpm6d8wKnl,FAILURE
YNI7U4rkvZQOu99IXNmZ9jBFjTOdKme4,FAILURE
6jSw66HmnWzaa4ZaSOxdYQFIoTK2AXGH,FAILURE
DOmq9ttVmhEkeIP6DnpZejI6RvHPerzk,FAILURE
UroHXQWM7luXYLyjIAKRLBMGN5DYiLYc,FAILURE
L3ONMNXkSAU1qWo8rngsTH2OAzU3umKj,FAILURE
KYORbrDiQVGzUUoo0JFNDYlNbluIxbkl,FAILURE
FURYzV1raFv9Npz93Yod4q2zoY1nlBWD,FAILURE
DERLPav7gmqmVFuZZHL6xnZQOmEAlKUn,FAILURE
oZVXJKeiVWep5bOF8V7CPpOZJ9WLYLji,FAILURE
9Rn86WVV5hv7LSCI2WeLGbgnHlQ0GWL4,FAILURE
O3hn950leortnmIjprJSUkNpSsYsI55D,FAILURE
9tASMHGjm32xseV2LzrtXprV94Qnpt9J,FAILURE
TSIDtGrrp5zVU5g9LXtFVjbnc39nGgfR,FAILURE
rMXzxaaNbPWEt6QLRxjcCqOsJXPS8Dc0,FAILURE
qvuP5jxEaCcrE6IEG1UYSUTe0DELFQQ6,FAILURE
szs0uMV2pLpqbEKNbWASczarGWWOopto,FAILURE
YeYrqVkKdIQrCuduecOOQvwrsfEMrA8b,FAILURE
HbGFHrpRnxKELCUioG3dXQ4nKfVVplzn,FAILURE
DrE3KmGVLnJpcwJX55FXs6elzqv7Ms24,FAILURE
OO0XikQWlXp9zCGjS4dCtkcRtt8kJUur,FAILURE
9BbZiw0qmxkIuTkZaxYGNMGemYZrgEZF,FAILURE
LztM615lkResewfpExi3dNhKyOs1cZ90,FAILURE
69f0GAd67mqTGeobHHuy2V5Iku29StIm,FAILURE
WEEd7tC1uUBMgmxD6yW9XcIvdnT8FX4w,FAILURE
wHXfutX78ASpLszKoUjCh6ys9YzbGp7J,FAILURE
d5ZhwoqHj6ddpb1efUqx8Cn5M8YHoM6D,FAILURE
4rE88QAbQXOjW6hp4dhWVObyyDYy8tyW,FAILURE
pmeyvyPJSTNSlJCVMiBTWmmmxsv9Khib,FAILURE
dqV5HfXonuCgp8pjIQDxA6IPGB45TDPG,FAILURE
nzdI8MdHZo0ezpEF9iLPjwP1pfDgjLAi,FAILURE
hTZzO4NK16HakIUk1xQfCjjdOkrwGIh3,FAILURE
UYxU8eUbZ8gdiGiiQwWiQiMxfG0pZjnV,FAILURE
PTKCcIB1ejmLueWEgXnSb7qXTjVKmuYy,FAILURE
He6m1DUV9L0zywWCQo161OipMdyoDEuH,FAILURE
oL90aK6mK3qmF93uv4xOD5a1zRGAW3P3,FAILURE
WGxmaj7Z5vKy0Grm0pocVpxqueLXmK6v,FAILURE
S1f8WU7jxT4kpT6UixoKP3USuzmMmktd,FAILURE
kgXneWf3E3UEcJNfFhDCMPH6NeNjlk9A,FAILURE
OQ4XEWaGrJ98HFB0d5o7A3Gj0Drzax0b,FAILURE
qbSX2IfmhUihyompnJ0CBlkTcu8uUaIo,FAILURE
2lanyExoa5O4ixlDftT0odRyVMHNI1KC,FAILURE
YTHoAFZ1r4vtMBpHdwTmD2GZ5oWNcuzC,FAILURE
EIs6MTTfuCew8vEgdusTOR6xIa5rSaR4,FAILURE
G6WzWggts6IzgEDwyfDNnvanYiBP5iuI,FAILURE
W64Zy1Y3JrcJooXoEXKsJFCg5xFPNi9R,FAILURE
vHXaySxrs5QyDhFu3yPfsAol6TFeujjw,FAILURE
udr3FdGy34YBCbeaZEqjl8dwwK5Ngx1e,FAILURE
Ti7aZdfwGUasKIMTqxacEr1CqCXvcgas,FAILURE
ZCVpXYOLlwLEqjNi7o5REXuk7LWk8tAj,FAILURE
RwtVHz9vnLJUY0K9JxKaQyziiwgG9vdK,FAILURE
BfCKWUfZDGiHogU3ZPXBe1AtI2VA02Rw,FAILURE
z686RX3aYz6If9A85rHhWGPpAscDYz1M,FAILURE
bgjLhVkY6tm1UV8sQHXz2dazEpJIW3yD,FAILURE
03sLoHK8ahV96SqsvMYy21mXklB5KIS5,FAILURE
buc5JQ8stwyAwbcGuatpEdif1mpt8hyu,FAILURE
RtctRXViVpKrOy0dVuMfxJSv7Lj97S7c,FAILURE
HMtXD8GmnJNXQuLnx3LcYYQTV5meLARF,FAILURE
rI4AgXWfBnnAS1XJ4Sqx7UD4nmeSx0nt,FAILURE
vWljJOMk61uNSAhj7ogu88XRsrEmNbhe,FAILURE
nCc3HkFInMOvJl4HZc1W5llLxqbPsTb2,FAILURE
xuIzdFuvAnQyHKrVUtRItJECXWVQD60s,FAILURE
FnGCmDkXLH89Uf4Mgg45iZgjaN8nbP1u,FAILURE
eJLywslNkh1vZ7uSfjegyWXkqLaTAZ4F,FAILURE
6frylfINQaxenB8UlUgWJpWrLt83ORwU,FAILURE
BbOlVPL3lIQcm10LDM6gPTTLl9jilrAH,FAILURE
AfGFhH1GiybugMOy7joxiakAog7rNvtK,FAILURE
rxJYYOGHWtikdyAjrc6VKPQbnBoLCDP7,FAILURE
GJAOUxe8fxFtOyx8FZoKaMNLLGkh7mZo,FAILURE
MDCcWCcCbmny5eqCmO8ojlJzqODH2fJs,FAILURE
zb7uYeaZolXeYGFapsOa305L94lh6kT1,FAILURE
BYGwio4Qt0Uc2HGoTxKAE7qsTZdB4HOc,FAILURE
FbMtt2GD7G1TQzPyzPauI4WMmK3fuFb1,FAILURE
PdWPDIajkV9ZPqf0vwrAkveIg4Jm8YDg,FAILURE
o3NO6OTqd4OM0nwQ8kSoqQILtXjFJFy6,FAILURE
aruliQ75ItBqvWzzkq3ZUBzaYB8pOWWn,FAILURE
KG6z4lO5sL2pu2na8N9RAHyUXxGkFEfP,FAILURE
r0nNIK4QkV59wJc5N4b0cY77ADK7Zpro,FAILURE
LpGRyKYa07N3V4xPLbkEQUiUXhdaebvG,FAILURE
rmBdTbkNbTVLJZhAsYGQT3ZfZYX2LokF,FAILURE
uyKrllFbqjLequY1grlOfNJ30kqGgXiV,FAILURE
2a7lMuZASz9PD7qLC8CG7m75hnUdJtkB,FAILURE
D344GrH5WbHz06J2PhvzudUcQvY095BM,FAILURE
L5QBQIKGfCQyZGuwVL6OP1hmgRvJ7rhq,FAILURE
kG98zjjPTD9tOfXkDXXp8m4AJoGtgpAA,FAILURE
udc7hO98FZpIC0ZR5ifRhGC69yGIMLfW,FAILURE
bv75bd56N8hjrhMpwjLOntWJufnUZWHq,FAILURE
sT6lbXWTtTX6wefGOUhPWzG9mpJm3mTM,FAILURE
qGeVgk5zoR49sliQHE81KxGUHgqHlSiv,FAILURE
Ijvh92HAZ3UvBbFC8q6gIAZYo5YSH3Cf,FAILURE
2GyfL6jjYWCJpPAKo2Yjmurunj6yCe6m,FAILURE
1XNGMtItUMDRZJc1vVb0vTMghfTB7t5j,FAILURE
KUueK66NQFVw7TvrzJo26N5v5hDTMCSi,FAILURE
bqH9oE2fl3qtz8eRnI6fiuOg2jXBO00b,FAILURE
4rqJUh4MqIKK1bEXqLaB7pSBrh6i3WNQ,FAILURE
EXPnp9MIz0LT0WHbViCCW61J6fOvL3FG,FAILURE
Z7dqYldCmScu3TFssOY5Npv8Cd9nNevz,FAILURE
LPDta3H06Xkqi8DdHjifp8uYr78c6QqH,FAILURE
zQ0fYaeQRyvNhq0TFQQ6VYyvDiLZ0gTZ,FAILURE
yIUghzfYUlFJTukCKxnNPBgUSCPKJ1Zo,FAILURE
bULiDVlTLUz7laNu75tlJFOlAO9AjB4P,FAILURE
eXknwXU1y4HSVqjo2zwy3T8y97zD1ANU,FAILURE
Wpkza71YPY89xl7V6ZXlYv6sZT9Azx1S,FAILURE
scdQxGGH0stds7MYcgbrJtXvolbnXK4S,FAILURE
Rn2fIWBY5WV5fIpVovYyYJruWdVD766i,FAILURE
pYKw6B67o5W3wBrhDwhrD6XU0WBTjgs0,FAILURE
sbGZdeDtSDWR1nzlM3LlCjCS2BgRdNyA,FAILURE
mchY3yuevFDnmxwn77PxfOE7uUFsFvsz,FAILURE
NQrJObmlM6aiPfiEAgTjnVI0Cp9LQgwE,FAILURE
CyfF0t1FWhEzfP02JPttEpMJVibFPCm6,FAILURE
IipK5A51tyjRTPSLZDqzDnClBWPip05P,FAILURE
c7CFxrQlvlOlOdi45xn00fQmeFVCp1oz,FAILURE
SqegcxZZTuvfVztdJUubc2W2ivSMM0jZ,FAILURE
LX7wkna3mA2UMj6BUJ5Az2KIoahpVsNL,FAILURE
rfaHnS3RTHcr1vQOpHQ6OiVOqndbI0nY,FAILURE
hy1pzfTXg6ohm14uN6GwlWJCAgijENi6,FAILURE
0piLGoHkvdvZWJbrPAl9Teg82997cYAa,FAILURE
FpO2zeprdZgMrHRaiA0WLDBvC021Kmsu,FAILURE
EbgWSU30WvIS95cqbc86T3BO7TmtYPDM,FAILURE
poUhFBcu5Yvcc4JrMF3B6A8s1LYwfk4G,FAILURE
hUHN355YMNzVbTSWVSRXREQEJueRyYtx,FAILURE
TGPb1xp26jor3aL8OuIeMMvgZba6rMu8,FAILURE
z9Wp58BjxX2xLqtlgdkSV7J6TjH6jOzF,FAILURE
6gHSe1bI39zox0u1XboGHt93sbxJWMkw,FAILURE
5WHMZGZ059QZHjnoQM0dgeO8DhiTybDY,FAILURE
cNcZQNCxq4SHl3UiHprhB35AgcJ1wVc3,FAILURE
KiapjpZ8rPVvyIf30yQKSFqjMkCxLzL9,FAILURE
N3qDzARaGT20ZaVxXbNBRALf9GWNCqFO,FAILURE
4n2bPvm9EksHV0jiW2kd91pxrbesQDhZ,FAILURE
xnMHwJ0nzgMEZOGgs6sM1S95o1sMSyYW,FAILURE
du0Ykd9pbnYU75bch4K1vaGTpHSpqFuB,FAILURE
z0qfquDJSFC8FJzG4RXud2OPkCBfTHsK,FAILURE
cR7mLumZaYygUjMWK08lks8TQ06NPPiX,FAILURE
msLZBzvPKvHZuWChncBJ2LwxheUKH8pD,FAILURE
Id8T7Fx4nT35wIZcY8WaKza53UviJqC4,FAILURE
CBUpGXYRpgqr1w8ZY2EJ3tzr6tGVKMyl,FAILURE
r6Un52pKK9vPnU7w5VVaz4GCZwZge9ho,FAILURE
gXBuhiF7s6x67I1tV8BoMTXltYWjWxPr,FAILURE
mr6ZWqWkJoSNmgjyJTmhd88DbqauQpLE,FAILURE
wIoqdh6JO8lVecknDrjmaNNeyVmduD1b,FAILURE
0UaKS7zts2JRYu0EE29XpchsbnB4F3P5,FAILURE
TFIYgTP4brCUgkt1Z2Ja0G0Sayvhr9Ry,FAILURE
HTrv3cQRpxezf41n7DU5f2hZuYyearqw,FAILURE
6LdRGqfsaCZ96TqBxGLzmj0NmVFW7UUb,FAILURE
dbYUVJyAOwjyEDgKXQHdtJ1TYtb6PoUU,FAILURE
wHV0RA3qBPdEYdjTUlp8Sg6Kq448v9Yk,FAILURE
bcGUVZzf3QWGQe0sntaaqJZW4ipZmpDg,FAILURE
pmOKllp0BorhHQ5kGNCWCRHLSf2PCOl8,FAILURE
Mc1MSlbcX0PI1dtrgj47kbo8wFnUHshf,FAILURE
KjvZRwzUgzhxEQBA5FHYh96MLNPmI1id,FAILURE
gnUGYrDe8pFmsGwCKbsHCtMohHuVpdbH,FAILURE
bEaUcHoJjJVS5DWEH4hSTpPSX4N3mZXz,FAILURE
QOnWQQF5kMdqSBnKPVsHzepQxokOMoFF,FAILURE
ODQJV4BT7dsiG5ojjXXiBngKwjIiVRGm,FAILURE
DzuWYGtdEWGx3Rt7iZtz7R8U3rqaXaul,FAILURE
Q4PcSPmAvj7Ypdm8PTPfY1AmX0KURBpe,FAILURE
ikITSFe84r3xqydoDyCTsQQhCHpnfqLl,FAILURE
sqM4FVBLkhL3uZJsnDRgeMhdpAureoBx,FAILURE
AHooQGZ3RRx0olJCmIa3TSi1kXIsAEgi,FAILURE
LP8PuBg5aecJ7tmH7ZEW11vrc08LS7U8,FAILURE
R49F4s9NogIeNyoTsQQGHiuTitV86xU8,FAILURE
PAsarVmEedJKbgBLRKudRfwhd8OQrZWs,FAILURE
NV9Mi4N6Nsp1akyIwtTc8mu3Y3PBEsg8,FAILURE
p3yDydIvX7oHbMB1RipDYvtdJujQBtjS,FAILURE
mOTBm3IqWKRJaHRqPAt40uDAyVzeIyUU,FAILURE
8tOZ8S5JfVrpPjlCoNYsQjzPpshf6lgd,FAILURE
P2DYcr29KFqlfsPohJHpKYlfrQkdkbOj,FAILURE
kzM7n3MYOlD0hAbN0OoSYUt13sbI38ZI,FAILURE
VDC1P2LKKm8YxtP5sCb3Yw4D1L0TwD3v,FAILURE
njSir3cneIRpPZkuELpzkDognXUXhF9E,FAILURE
iWbN3FAAV8FeSQWKwarYddmKLNQehXsC,FAILURE
6hIw4VZ0Ne8Pr3aSyU36FP5EmzXkTqHv,FAILURE
sBp3rAiffYuh36xxVQVfWLjNFQFPqauD,FAILURE
yZhYQtNNtJc5Is6AKuXyVgLrL05onNVf,FAILURE
Rshlj4kurD2mqKheVniIrAfH1HLWfIZF,FAILURE
gCGcuWsfmIv62WbW3a0xVGoCW6ox415U,FAILURE
CXEZ7wHBL7rfh8w8APwV4VgTF0G4HtTA,FAILURE
RUWqkIDrDnVqrcjfcORhluCiDav8yZoZ,FAILURE
iWyuBg7zXIrRzGI9n7ztVLdQqUImO0TH,FAILURE
LlkuIwSkUCItGqpIUvZQE0iJ8mTe4C8b,FAILURE
i6xKoarHhyEjFLTkHcJkJqs769BK28Ty,FAILURE
Y9HSvfL8FBNAIVg89TSrQFS5v32XHRHg,FAILURE
aheytHYgk7P6ufp8TKvq2lGJyqjf8IWd,FAILURE
ypps7PFr2BqJ93ACkDLoEAQQJgKkQGes,FAILURE
zJXq3A83Gy1B24qijpkmS4xfAoHmg4or,FAILURE
vNPxEo2IqGGLh5QrCSqBQ8ba6BgE4bbW,FAILURE
A2ZrMYeypelcSyLDJZChIJvYKJboXJPs,FAILURE
VlPqukTiYx88ytxEfemi6QBv54D26Hdd,FAILURE
apwzVADfU9wp8jj2ly8QeWL4lPc8TLRY,FAILURE
hPOxaC8PHq5ThjI0jGMEyNu9fbtWPJVd,FAILURE
E2KycFmE2d7lBbJ6dhVCLPTpBfOHSUfu,FAILURE
gBy17yMYtDQ31U7Lvgtg8rHoOQvPIDM5,FAILURE
O7oaA1SAsSxx0T4ceWUuvxaIndAbFCr3,FAILURE
izYKltYD9D9vgwH13aIlYF17oynGulBD,FAILURE
iJNqsovdAobxeI4y9FmJzIWXY3iOVygi,FAILURE
Ueh0vZZwnGd0XUwjjdWO4Z88uHjdWj3b,FAILURE
8gguXHxWHK5SEYK4FHbBNQLVtXU0HLRn,FAILURE
5PBBakbMmUSV2bZgrNAG2ndKqKq0RMUW,FAILURE
HCcLpITDZhokePlejS3FeJvwRw15vKEm,FAILURE
b9RD1ObBllrWDKcdrBMXnoRsAyEGbw1n,FAILURE
9unCc4brV7ucNm75FzYNwL9QioupSf7T,FAILURE
N0BwKYR2Qnj66AlKeomUDfftcc0yiEKU,FAILURE
mHrTY3oP4Lleao181SiOrMwPsqdYRBob,FAILURE
Pek9RUYVHppTfGAaZL7Q3c3NW75XzvYA,FAILURE
sYGGtyGgeq4GGRPno8dZwz5UkXxhjNKh,FAILURE
C8sRItfvbTyWHgtBB8sKjImtVvs7x5QX,FAILURE
ULVfBGUfVDv2Ice3MHgMq6XTmg8FvmfW,FAILURE
VsJVomwHWWPePX89RZhLxSjXSKuTWzO1,FAILURE
pEVf52m4qfBRLU2p1f6H32KbJsaOt0BM,FAILURE
pW9XAwpbBsUTPd0aEzWmKAoA2XM4IBAB,FAILURE
N3tt0lFGCwkJuMtg8GB6KFq1mDkOmNDM,FAILURE
fNTp49VtIFNUiMo0fAC0dFqU61lvFy5v,FAILURE
XuzcWRHaFRKgFPV21ZpbPrcV4FA3GhSe,FAILURE
jvQNq8hr1nbcyoinrmVn9LR6Q1P1IvxF,FAILURE
tRkBt4UtzZm7ceK7WZfCIHgPnHtctuzx,FAILURE
Y6nk2rgu8mK2x4W0uZYi2J0Wu5v27atT,FAILURE
yO7gh2hj4Nwz5uw7Q5reuJvSCU4IHXmi,FAILURE
ii4hXcW8w3IFgOTwfxDYlcjaSVKRmZNJ,FAILURE
baSj5Dw60mzdsmcOG62VjNefVB05ks2w,FAILURE
7GI76ICnu0ZKxyOrL8dVh4F480GfyrUh,FAILURE
7bHb1oCDQjyOSeFYhuF8Fa3g6VB1vkyj,FAILURE
YbIrkeXLXv0y7r0v9I93CXUxhojFgrZl,FAILURE
4r5ffJvfO5Tcyx1P20SDLdrBD0fi3pmb,FAILURE
uPuDlfBAE2q7dU6bKCDns46tx300wiZU,FAILURE
JXAGrQV3mhrnU8smFVR4uIpKaxCzeQXn,FAILURE
ii8j9gd9W3rBZoTN6Juu02ZPAAcL8sCy,FAILURE
zjAoILGD7Inx5kVNRfGno9hY1EF0U56S,FAILURE
6zp7KDqk7w0D8ycF2igDNpwTMO93jP3F,FAILURE
0BYNH8fI6NDFk8ZQMLRGlTjnRwgWDsvR,FAILURE
1n1eHFknsKI8sKTuaLPNJcWsjEF48n5c,FAILURE
4Ul5MAMna1Krfoj4ms2iyNUBkSlhFoJT,FAILURE
l65BKskBgSqDTKUekKGsPBTi74WPik7a,FAILURE
m79e1rOvoOlqyy0WJH8IhCCP9ERXBZhm,FAILURE
NZAdybBsUY0M6pD3UXUYgZVSvbQOM4H4,FAILURE
8nlwkSV3kpKBAxNh1wObinjF7bRq2GFP,FAILURE
WomISS7RKe2eF77vb6ocbGhCK7iSHGvd,FAILURE
aab74jS1fHPCPiEl3ZjH3vgbotUEAxlz,FAILURE
7763krdfoCn2AzpSBWmvf1PClOC5mbpJ,FAILURE
ANiOdGOeaRl9z5QeTIcHzBV4FArk5ZT3,FAILURE
hyhTp9Pn129NPEjVz15wjwa3I2KM6F4R,FAILURE
zs4DPpcL4nxPaHN3Xn7bIAhLcsHZrJQt,FAILURE
WcwhLr9zjbgdkNbJzmnVV037QQmqRXjy,FAILURE
ZqwX21PBlGZP6c3Mv5TpkfSsz7A1vQt5,FAILURE
6xdgeUpfP6uCmG3Pcnpopolw9b6wlyjM,FAILURE
QhpFUwnDhzvTLyov3nCXI5Bz6FVwepKD,FAILURE
IWQ0HtOqBimUCzqZm4BJoqNx0h9domlY,FAILURE
Av6EzMu2dSNyssWEBPDe68CprisxH040,FAILURE
Fl9Ch9GYZaKkFpiUf0VWrzLy7R15W78w,FAILURE
Yam92bAnGWLc5IUEwjNslS44el4vaQnh,FAILURE
hudxsay6Btq5CcgxaGyollOqVJW5QIrS,FAILURE
Qugk7x340DRi0oVqcCcH67ewOeP4oXv6,FAILURE
ffCtcGVXzJOSMVeHgxZy2HsIWCi7fEwN,FAILURE
HTC0uGFPYEhmeEAvEM46gkRQBLaTBcfM,FAILURE
lYvp3XyTvkdqF0yKgckfqB7ldvNuHEHm,FAILURE
g4JYLe3rDufbKdsxn7kKhUa74KYvhI0E,FAILURE
rMW75tS3VySPW5inKTVzbgRxyRM1jZzP,FAILURE
QXNEO6NpoJTT6f2G0wgxTD7iIY2kDZQJ,FAILURE
eGYqNW0O8tXscPzQluMqLHRBMiszEVj7,FAILURE
i5d0yiJO5ZsxsIbpZkqLdoJF3eQ0t8BF,FAILURE
WEo5uxCCOPjLDXLqggzrP9OyegczLacr,FAILURE
UPQ4rrA3j52umlBgcF3vqLOfWTMJZEOQ,FAILURE
05ihsbdTfc0wrHVyYLxiK2v1Zl6IyQtC,FAILURE
bDUSUqH9Z5d5AzB8oK3nd7OPCDZ868cU,FAILURE
PdqCsAgIoehAMRNe9bESNWbeJBiPPgDP,FAILURE
Qc5PapcSR6xp0zUFQR8bf5HTD5V8OHGC,FAILURE
usf78ttJGSBeO2O08gidonv41XvSyFpX,FAILURE
u6zRNHSYvviHz31hFdLHPYr7elqh6CUR,FAILURE
IrAHB25r4BPHUiUltAx7DvBOVTWnQGjm,FAILURE
uGCk8fwuz8Nmqfq9062ckqU723ECuYX5,FAILURE
LZs62loGjWoa2xpXspBriax4lpaJ7zIT,FAILURE
vRbXZJLZcPLOXgzxfEOKMk7szJrHnxwH,FAILURE
asQVADJXmqDu5kjlLK08gxi13IzinwCT,FAILURE
X5AoHnDWcDkqLO1hI5WRauD8xYdbdk7e,FAILURE
nxWaw0tbA2znpl3QkfgRAqMyy10Mhkaf,FAILURE
RZ2nfT5n7ixh1D7TITrgW7pDPljgILfU,FAILURE
9EEV9b6oZjraNGuIwormOPoLQ0AGNB2L,FAILURE
1QEmwFzc5BuiRVEkTADBath29HMVV4e0,FAILURE
V281OgmS00EHxdWWP6U3Womwc8kNSd2W,FAILURE
epQPN9LSKMXp8uqndHjJuqDTkp8NrmIE,FAILURE
4ITjv3tde4A7fC3wT6xzYjKfagFELo9m,FAILURE
gRs6P7lfeGUnP7F9JZoMRh2d7gY5aYcW,FAILURE
Dj9TJZZioepCnf8oCTmB0O32QqG4823P,FAILURE
G2Vb8ipdOjKXwkkb5EVvKj1l8ZccX5wl,FAILURE
kdhSegjflOlW5EIAt84vAMMm5j7LmIjD,FAILURE
VmVZI7QpIR3PYQB1JOZgUYQjKUKGlyp8,FAILURE
kxyRUJGGLyUDaIr9AziC0cETxB7JzJMy,FAILURE
Ozq8wN3LZ47AKjOw1T0E5VkwI703LeCb,FAILURE
g3eOe2vOsUPR7p4RzahBgutLU8fmUSLP,FAILURE
4yxlkmmAxzbv9j7PKBgTlfJl0RnUVsgW,FAILURE
mVJz0Jm11ZYRCGmzEtI4V8arB70FHScT,FAILURE
Y7AS5XpleDC2LJgirVT5o7B3Csrdg1tF,FAILURE
UJYh6Zg7wbEayPtkVxQ1KMTMLdrzHfaS,FAILURE
JvoiZSa21iXPqb8iMyT0YFlVXlXPGfZd,FAILURE
v99gAUCoWsxvh4mLJdpgI5XyzqkY7tqd,FAILURE
iUSHLIsawsOrVsFGTeRmXdc4QswiKYtB,FAILURE
0L59rNfTKvFhwhI4yiRXrVujtt4O0kCK,FAILURE
pOiCnnQoj1wXWvEYlVEEs9yMFLdcaMcx,FAILURE
pzRV2MxnHOlEs14CgKlRjPetZs9Jnlid,FAILURE
paj8oONhU0sJJhHFCJJ7mcvkckjC6FXD,FAILURE
al115DNZJgqBwvTzwiWLZ899vtxqd6II,FAILURE
VIHACUC5WZEhEImwRRvohE7TDioqT13M,FAILURE
XfZ5WZhaICb2Eo3hZS2YE1UX4LkOwUiI,FAILURE
IqLj3aBIlXF7ZFMgnVfvA4gHqcjrDasv,FAILURE
EUgE2Uq0ZzEsXcPFBzhJH0PogvH100EC,FAILURE
p9EtEBq9kB0gtBolIwTg3aMoRfF8TKdj,FAILURE
TXfBDYkadhLmk5WfqMTA5cpM6LgnCr18,FAILURE
k2IK7dnRiCwmKmaog2TS66G1AYUqA3m8,FAILURE
kOO7vgvutItJCW562BCKtVj8xoTOc8Si,FAILURE
pnM8Ijc6KsMXcR1sNV4MUobq7ySMT3qt,FAILURE
3cDmWWChEmPIJADXcrp8uaEb3hILIjoV,FAILURE
KziVTO13wsyKovd9jmriu0dzo1r2ffhX,FAILURE
ScbvNAsQxC1lJaUsK8Id4g428NiAbUXr,FAILURE
ZQEK5AXC3QiaQ5a8zQfkV8pKnPxWGnxr,FAILURE
iEo8CDreCSP98cTlgrqeEqOAY8dgBd3x,FAILURE
mdYOWE2WzpAKZBKaiBqbKnuSDBYUF41J,FAILURE
2ivFo6WAPzUGVl7OWqnkb9bYARQtAbhc,FAILURE
o83GooGrTnmDrV28g3zlzHbXcKtSQwwe,FAILURE
IPBHkNaDdYXMZz74It6E3abHDBtbbvQn,FAILURE
wiE9YKUDJTfw6hAxBNFy6dADizuYVvO3,FAILURE
YhVCpUi7XmkXx5bvtRUI5Wj70AAwVP53,FAILURE
TqLyYZbNACgcbgH0CcVIWRfeDKgDK6z1,FAILURE
uVhQzaAjZey2bNUQTmnvFzmr6zuoeiIj,FAILURE
2mCekKSTOXSZS2raYWW61Ld1INT3BN3n,FAILURE
VzEDWB33MdRyMhXp62vGEnYOwUxVKHO5,FAILURE
a86nXCcWvnJBnh3NiRL9DQKK8nN6pplT,FAILURE
pBtWGMVwELsd7ZcVezi73ewPGH1qPUHv,FAILURE
wJsbOaUJcM9Avl9MaVml70n449SXRNjx,FAILURE
Jyv6QbpER7Smnxjw9O8sRN5gwMSPscoD,FAILURE
mHOcanhPu6k9gR3igPNiL4Nvpqoy4SxY,FAILURE
29XsBfgHOiHYtiOohgueZiNuR67famrH,FAILURE
wBdiPKOVJ5EWDcCqcHubqkDlp6bpKhKb,FAILURE
Ks03eMGYjjoocrZAzeOGDue0d61V9BDr,FAILURE
qrd7ZPgkN6u1xamkmDx10go6DrxP3Wvi,FAILURE
Dtywl95N6ANQ2tHhAyXFVpypQV0qfg2I,FAILURE
xI8qkryjtXIU5ai3qshaDsW3F93L8P5q,FAILURE
e6ypQ0bDXYliVmZkkjZVS4EwdpM0utla,FAILURE
SsVuDj7gh9z26tDJxH7TqseRBo2dcqi7,FAILURE
oyrK4WfqVp7IruzNzn6JiCtH1Jgyyd1z,FAILURE
e7xBAoPZRPfr3I87ygH9LIIIVJjnsrB7,FAILURE
Gs0nYopHoR2uIfC9OZZdEUW9xpzZiClm,FAILURE
xaDPWebuSxNNfZKkjngGhdux4Edn24e4,FAILURE
ffcSYoYyeTfbGz4idYv5KLYwIWa8eopv,FAILURE
vgR2PvG7R70hULa9BdU8t6KkPKuIT75w,FAILURE
J8bIPI7AKydc5XjN6u21ZHBXb79IVa0H,FAILURE
YmcmYVum7iIwKdqtTTA0IsCoXKPA2k9T,FAILURE
G7umOVC4cowteYpYk7CKNc6znERtv4g4,FAILURE
acEmJ31FmssWk1KH03MgLOF5vlZKneJH,FAILURE
krb1p9SRpGHy23YLRzQkVpMMjszxS2we,FAILURE
0hulRevAAKwNSlYX1NCr8ozK5DcjKh2R,FAILURE
NYNITctLHDSLhL7vUF9KNxZr4GaOPVsV,FAILURE
5vE2KSztAUyuKGlW1FYlOQxjj28zn8UR,FAILURE
yjwE0tMxyjlIp1gAEq4jY5NF9fzcdBui,FAILURE
zJIrf6ZZNKfl3CGnfOyAa6QOAkoGdA89,FAILURE
45QV19LJAwADlp32PvsiwtuaOOTApl7H,FAILURE
uW1RK0FTx4l611iShLCMwU2HQprj47an,FAILURE
Xww1l4s3hHOzgOcdfngCRsvZnTSW2ftW,FAILURE
5IVl0aQJFTFJ0uCP7P5zNS58T8oOnMm0,FAILURE
Qy8Y0p7HPRHFSkoN7fpbFYNyKHZKZQuG,FAILURE
CxbWob4OKbW8rY7CxAhN05fBQydSGfUX,FAILURE
ZT92ZRRXFLMmmdLStKa0QLFU8CK2V9aV,FAILURE
EW4ZMtGvjB8zvNz5gKB3yaqt0P7gr0vN,FAILURE
m82n0F5VfqLsJ7OfHq7pfOs2fv1yMwh6,FAILURE
NLQBYYhYJBypObfFJ5iqN2b2tQYBUzfY,FAILURE
8qpIHU5q5VJ1t7bqOAYainZXDlgPVD81,FAILURE
tbMdw1pdoIEai1Y32hBuUSuVIbB1hAug,FAILURE
8ThDJdhmXF7ikIy2hQjdFWu6SH2TkG5j,FAILURE
AXiwF026MBFZL84TQ226GXAAuYMQPcPk,FAILURE
yCDMVkiK4JBw4jggumVI2GwF80wnauSV,FAILURE
LdVsMsT7yQUTzHqV7Vbr8i2UXxVUgWS8,FAILURE
Tl5bFvFVoGDxhHMrGiKIrX5fZQToPYIz,FAILURE
wQWHGv4fozZmzxiZkjm2keAhWSzkYux6,FAILURE
6KjV1svah2UpqCPoyhQ53qaU4KtYtkFn,FAILURE
jydNU0SqWiZJOndE0lHMBwe7X0Dawk4U,FAILURE
hI3RPpc3WZyFjZKX0JpZFtc9fknz2mJf,FAILURE
X8lah8zZmJBKQ90ugFwF05w3qKDEvXx7,FAILURE
XsD9lO4SriDffqDMAnW6xTwMi3Vzxoy5,FAILURE
wj60N8HuquSxJdY2ykaXBSRmpE5rCi4A,FAILURE
Bka18oKZqYHkmoZMaEh6e6B1XRbzl8rb,FAILURE
d2zV8OgErD59gka6HFDO11HgK19WktIF,FAILURE
L3922i8C17keODjxMgBo5NBdpnN6ebdp,FAILURE
Te8JdaaePPP2wF7drlMmtynEYVF9wPVk,FAILURE
AgruTEraHv9fLxFsFL33s8WsU2oLErhV,FAILURE
rKNTknvg3DZzNuDxoVCPTQQLALmnVdN1,FAILURE
5wQJOKpWdYHGbFiBVQoE1cuoxl81gqU1,FAILURE
PbBGUoS0JnWjiMwgzUGmyXWuXCmu1ZZH,FAILURE
byoP1S0jfQ063ZJvTi5fjDzeGokOfZ3n,FAILURE
uvTIH3v3DTzr91ItLZQCNrFw5sKdDcfQ,FAILURE
jBA6o3wNvrGNumeS8tFedeMr9qzXmlzv,FAILURE
2syaP2M66KYOOwtgrnHZuWlESIs9qxjg,FAILURE
2BRrPTcFaKGF2IfY2PxC4ttxygMJ5zrH,FAILURE
ublftfLbdHWisQOP0nBZLkRh0hy16BVs,FAILURE
gHtjgGk99va9twWENRbAiYa7l2a0kfX3,FAILURE
ouYG6oGiHBqRcuHjxKGvKLzLhDPRshxI,FAILURE
OhRmb8QD5rJKNmQWhYQOo7ladvnClLZA,FAILURE
w9410RKuMms2HYbfyfQvm7dgjfoehO8e,FAILURE
cDX5BfF169uyLX6MKzTJecXBdbEny2Ts,FAILURE
Lgn2GLz3sp14Hnuq2NTX7TZd03hHiR7b,FAILURE
hxcmXUOaHCwm1F2A7mxKOGX3yfaGQHRK,FAILURE
NTJXxj44jT8ae7g49yIoVJD3rGrkoF9n,FAILURE
ekB91r3x19sLPcvVPIFzpMB5XzOHxhuO,FAILURE
ksxfbVzS1dqxyan1VFoILFPwq4xjsq4W,FAILURE
94UgK5MMQeRqr4BxnoOmqmb4xz5Rm61L,FAILURE
8P5C5mbYDdNOTgO0JOtgitmg3qxEj9jU,FAILURE
ZrRZ74dldgKwYrM8RJXXdgs76BT3q3Z9,FAILURE
f18hqamKSo01GrGR94XN71ZgTRMhI1sM,FAILURE
iqhsH6LO84xxCjtqn5HjEyhxDObghsh3,FAILURE
OBJjQ0GiEPnXshh4U2n9YZ3Pj02eIGn4,FAILURE
z4ENhdDvlKmwuLclkL9egoi72XiKUTkw,FAILURE
DryOGY6QFKI0LsMbYuGbuOo3ULyYkCum,FAILURE
77LvcjWUQnUaQYkygpSfTiZaXmqVYF6D,FAILURE
C8eDKSuzFlLyzntzDIWcjhXpmwgDToI1,FAILURE
b2GTjl26mm7DbxCBW7VD0mm713M586Gk,FAILURE
yoNwGjmlK5fcoQXTVcdBdOfiEavcxcnd,FAILURE
FTO1K9OEJnjakjKPfZABKMmLY2E0eNSJ,FAILURE
XenCnGhva9IdaNXmnzcTtcU2t82XmsPg,FAILURE
5otVAKPShMG9N80vkPVkTxNnbPZhT4qW,FAILURE
umEECQkihBa10P4LYMNvJuhRfwDpy2PL,FAILURE
by6oK0FeLI5VEzBUUJA08we6RXLwd0bj,FAILURE
djTAWZ0vNkMYqk7nTivQtQK2VJ89kD0a,FAILURE
7IDTnPYntM5wRF6BR2ERuzIk1ksDTb5X,FAILURE
6iBuEAUodzbzevygwHeOyaQMmCF5O3fV,FAILURE
nOTQacYiqqqwzFOJ4HAU43w228oiZAj0,FAILURE
P7UTS0ywS8PyOh6p8MHMIBd8ZNL7nvww,FAILURE
qFAnJX0Lj08z7XEkz8daxuZtUlmphFjb,FAILURE
h0XfrrHdE0yMHs0GSBcOtwv7lZQj45Fc,FAILURE
KXMqGae2wp8UBB7aV4oZwKNc06rtVL7L,FAILURE
Tta6G1tCycTmHDETtG0v5aetU5yMNhRC,FAILURE
YQtPAKxQL45HjlLWIqtG3jmvznLAG925,FAILURE
WdDEac3RwspSy51u3MqOklkp8eYJUP8x,FAILURE
EqP2ZU6M2bUwTVrNFieVdxrzVQxt1CSR,FAILURE
BgnpNkCtgTqscfz1raQRbdpWUaGrD0RG,FAILURE
CKSzjnSOIrKpDBKJjvjhAeROSuO1OmuY,FAILURE
DRBlTt8p59flG4w3yfTKWG8NQnTQCVKo,FAILURE
T5P8uNML1qLYkT6PhvrZN2v3tb13wvV0,FAILURE
jgnqbpYESk1DtcYpRnp6xWzTncb8puJD,FAILURE
nIT20zDOy1Ir01EYXmBjUzqVXOrgzwam,FAILURE
0BmbGliSolUx4BFNyN8SJ3GKOAfvJvKj,FAILURE
6jLnho5OCxzm5PkwsW6mt7fc07mLwtNk,FAILURE
KosIzGqRc2t6oG1JgdjE66Fb7hI2ERxg,FAILURE
LBWJRghmlZxLXrAGVKRNmCjjyf5oIHf6,FAILURE
Rh3ZJ1IZIkO8h7Rb5MZF2zD0h7zT88ZN,FAILURE
PK3UYNvMmLEXPZxB5ltHe1Su8r4JEOB8,FAILURE
z52V4RdHqoT5opGFSzkuK5UdrkQz3pAY,FAILURE
4gSYk2eM6Tkqm6QNq9OAgnPRrw5SKWg9,FAILURE
aChc5wCn1aSB6JPI6NuULTc7OEegeY0g,FAILURE
XDPFstHQeAI9wxEYfrp20hG1EZkYC9fM,FAILURE
G9mH8vrAo3oYRxKPocB4wR9wQ7gAYngx,FAILURE
ryu8ugEnBZkN7armqG0kjUlgfNU6NVF7,FAILURE
kn2qeMY6PTVtv43Ve5Xo0TR1sd9jfUDD,FAILURE
nOdvfsZDdufATdnfpv1SJszXYXU1xQH6,FAILURE
PZkk9fpMrqbRyOPeuvNUZhoEoIn6fFCR,FAILURE
zDjTnpHyXz1RkfkTPWfIioOQdcSF6g8Q,FAILURE
hSrUIgHLIHatU8yrvBcRJaTzCnrPTyl9,FAILURE
g95x2eEWW62NuyyuppbvE44yhuA0UppW,FAILURE
7MRhxXunk0JO13PKL8adZ7uXik82uhWB,FAILURE
6pJkAgffK7U3xXXQp72SEbqgTsMLFRnU,FAILURE
2WuPCcwqGhJ2BhQzL0mHi2w8sLgF3iW1,FAILURE
MuevwwicdX3aadlHBElDYn1Tx6ly2P1f,FAILURE
UBxDqFRymf9PfUFoTwhUrQSj9gawOmJL,FAILURE
tLXwrSw3i2giQqWBvzKoid6yyWtDyIFB,FAILURE
krpvURhQWqZoLVsXp12M8aAf8cRVX35w,FAILURE
RHbsuGXOkJJB2FZDUPMcyoxEACUdN2aP,FAILURE
VU998igNVrK6dl0I3DHEJCA6fxkBAhKf,FAILURE
4TmIbQUnVkz2dDu00yejHoUtuiHIYXL5,FAILURE
pL6oHWR15KbmkGVNkU5N7ZMLwGr7RLbK,FAILURE
16lQl5Ye4J2dJb9o8d1JRNEqKEZi5w4H,FAILURE
V3NSjDNHevRKyMPuCXWI0szAJL6f3ruL,FAILURE
umBoRVnkOTdD8nQ12S9r7Wfx1iVHbcZ4,FAILURE
6UWLKQ8zQIYjRLGT11KvsJpPH2Fg6Qke,FAILURE
Sz4aujHXHXyqhD8gK0zrhTXoHrVwiWc9,FAILURE
vmkkCoXmME7XahHNw7MbGAzh4xZlHYm3,FAILURE
tvmjeTuq6qfBZWoqaY15nszTyRzlVMqu,FAILURE
kJ4WuqmELrXfLqFAAHATiH2Vs4FGZHYH,FAILURE
ZcCNekH7nRjoVKBwLIvy3Tn8rv9TooOL,FAILURE
yz1QCE02bxNZPbIp4NKm2mAb5BhPQv5a,FAILURE
hZSUWtli81tl1veh54jyfPg6N4cC5xxG,FAILURE
2rwDfL1aWRgUvr3llnMI4vDQv11SuIFT,FAILURE
7QeTaNrneBjk9SSoMUr5UNqfvWKjHPSr,FAILURE
UuIvjtcDSeFw5IkoZSDhi32MyW5VX0N3,FAILURE
NqG5AuXNPbRsjTMkragi5qbafzHefyIR,FAILURE
ByCzoAhtqb8X98s1018PU2DlZI47UZpH,FAILURE
RO07i0jvVxbpl0dwYV6Ei2LjBbH7t4dB,FAILURE
7siYxr84LAdu8GGcdyLCFtln1VnfBvNj,FAILURE
1a1jupk3c4DYBY4IUmxPCOvE5DlRMhUO,FAILURE
G19SMdA7mZI7DmOqYIHzrYaouGNY4lE5,FAILURE
oPnaQhpnrJJdu7GPd5edXdUIbxyHebWo,FAILURE
0GLZLdNuu31RuKB3B0l2HCix81uVuIv5,FAILURE
cZPDDcnePLiNlizUiB7UQqMTplGXqKSd,FAILURE
qySaxiTe9Tmn7RSU0QTKJlvx6WJp6nf9,FAILURE
DeenBAaToao8EStyNYz9YGEo56oJW0nI,FAILURE
ln76upSp4eEaVpShT6zhJ9fybZ5KhAQ3,FAILURE
5Yybq52UWHsz9Y1TkVJw09pw6NDBxNj9,FAILURE
guQ3uoEcgwNjGvq78d387e2i9BtJ8mqO,FAILURE
xqUHvPdWE80cQ01pR0RhjeNBTgH7WfKA,FAILURE
u1CERlLQaJRS6Auf0LrblyjM3IzPhVM7,FAILURE
YXJtayELVsIee1AetK1L1zO0Q6HN954k,FAILURE
gjpgs1GHvpbG58b7LvNKfcs5qkGH4YMX,FAILURE
BVK3PokjIF6Vu9W8EsStVbARTIXEiPLR,FAILURE
uEhSqZp0LBG9doSte49c3M29QtcIXE2L,FAILURE
7PDlpaE3NQIxvC0outavbvRyBA2iZ4Lq,FAILURE
YfIx1GBObGzU5GEreZmXIt74Z9urlp97,FAILURE
sZArmSgBZUDL7pEE0plO3hqjuduV8wMd,FAILURE
ZrSAbdgOopGLvX7qSuwqp47KL4gDkiNh,FAILURE
kVu03nQFcy0BOWniHg2Z2o8Z5p4HVsxJ,FAILURE
LeQyaTNIU5bzPnM7XbCXUcI0eCOuQI7k,FAILURE
POZLA6lINeoWI77mCXxnsZDz3Hrt7s9q,FAILURE
MmJvYrrt5wnZjLK1diCjIcdNVirGv4q1,FAILURE
PHg8ismzm4UxJhjUVCprGmFn1Z7M4T9o,FAILURE
4NIXwWzckdpUdG98QFXPd5J5UTLjxQI9,FAILURE
q5erYt2sIPSB2Xd4fFAk1UciBfH77GXg,FAILURE
BL0gGOLL41RBRTNzi10Eeto4nZCZirWD,FAILURE
c4gRN19LBWXRWShsUujlOlLdTyyQITpz,FAILURE
nxgY6e6UPG6fgJN4qoNnyaesjkOX3MKN,FAILURE
CN1Gtn1DBZ34IwjbW3LeiSYrAjJqOp14,FAILURE
Ay66eqrPShLrREEXlVZnlZIeswQJcxox,FAILURE
sXjwrRJX0V12oo15Oqkh3bYvr4sKTq23,FAILURE
7fbQiIJZlPqgSUFuqPlvz4OwMuPuxez0,FAILURE
DudiK33nuDWLb9oXwhPEPluCez3J4tDu,FAILURE
g5AULTastt2vp3rPZjI9CuqALu1o7kQC,FAILURE
XbH3NRZgvWpJY9ATyi0pAN6YTbsMVUZe,FAILURE
78NiLWa7yuzTDOpyTdc7iLAKnwrli5hT,FAILURE
b4IRyv0LKNM7wyoZtnXLBMwVzBvHXDcs,FAILURE
jm1bog8b6kUdjUgBM9rNbpkB7FZ6exor,FAILURE
X3umSfVDoruzx6gV2dNHjh82xjfcHJeE,FAILURE
WX9bdPF1DlF6R4TgIKvlCRkQ9LAgCxsy,FAILURE
yc5d7H6tzdfkSJVsC7AAUByRytKwXgTL,FAILURE
9BDhl6BfNxgNSnr24nujW9dCiHp2SoRJ,FAILURE
LZ44v6Nz72In0nC1Aj6JzUfN79rAizXu,FAILURE
VXJw93N47n2ZgcAq4ENKqTtTlgDy30II,FAILURE
jBie3mydqsQr4YZIUSUU7R6fkipbvf0U,FAILURE
MhMIJKVLMOvCQ9ybQYjfTCclIZz0jk6X,FAILURE
FMJaFXeBaZWvSXWx5fZbOljoOWu3vt4G,FAILURE
E5nRHI7UrFODN37BvcehEx8qrVRSqJas,FAILURE
hVKVHZXgAHZGmEhgBimzECCnKNSn4ZSF,FAILURE
BYiPfa30tfP0JF2YKR7J8D8aOgmv3vol,FAILURE
XDF9fULqLObThnMA0OlGqh12gIWFBNbJ,FAILURE
OXbg86ofBfjfGOSnxovwQCI9CjDHF9Ze,FAILURE
c8b6DqhCEKVUqDa8R0bRjX8qm5msRZHL,FAILURE
8MmbKMWmraYxTH70pKL4TGPKtU3K6Z64,FAILURE
F07jj8SjccdBgujeul0Gz1CVsnzPgSE1,FAILURE
7IUvZYnNfTBC8RP4ATM84nA3f2fLscbp,FAILURE
EUWvD55wXBW1bRRXkKkCgaWGi1dC05KY,FAILURE
zuEEK0QzqSvsl4GmSW3Uj6psskbq5yah,FAILURE
v0o9ZF3oNIKJeu7SARH8yVRva6ILk55P,FAILURE
zVN8UtoXftfjR4iENa25iZmgom0vGl6C,FAILURE
o7gJ7tmwIbEo1BgU3E2divdV7FSAVoe0,FAILURE
MUpxIB0tS4jKUayOM09RGiqJ1QFn9VJX,FAILURE
emfQj8ieBHW6iWn4NnXVJ7H6ylMCdgLw,FAILURE
yygTT1Hfow44D5f1PDHY8iLHGmOdyNNb,FAILURE
HKosaqkzfWF862CfAky5k4AQlNFmatWc,FAILURE
OSNjYCp0qtksGxJhtRfj1GhWIqxPmQS0,FAILURE
M7Ap9fkfxCrlu634vjoAiaXTGtYbpwKL,FAILURE
Ob4cNLR30GjqQdhtFzOn5GVUSmJzTvEW,FAILURE
8oo0KkUN0dboDg5TO78YGsjFoWTIDOPn,FAILURE
mEsVNJeYivngvvX4i5w3Sy7L9GDD7owH,FAILURE
tRk3XMN4S9q6rvewwlpSpnRn1S8WFzm3,FAILURE
yOkfHp7d7O4BGmU9oiPmUaepJnU9hxdH,FAILURE
JkmgAyvcEpixjl3WZXsTygknJ6HdHogF,FAILURE
jSIpx005NDiFCVwaV1L04Q0vtAQchMvy,FAILURE
Pf4tG2T0hBMhtnx8FJTixRXVYFSjhf1u,FAILURE
Skd8PMAPfs75MKv6SuLfTWGQ73MaykoY,FAILURE
x3nFBzwUQ6AvzISKYSDw3kn6ch7xaGYX,FAILURE
puJxxV66EZKc1mT7u8Sgdm8ji7Q9bdL3,FAILURE
JYI9YcwEMU4OjAOI924OmprvAFguoWWN,FAILURE
LEs52xND0tEIa9v7olNpBKWr2y9uaNeA,FAILURE
QolcRCVVmv6EJ9nR2Jn7now2QRLs5LsL,FAILURE
1PbCtrzDH29LTBWW49Ocb3D4VkOAiQ4N,FAILURE
uKO5Kr1XcW8UcBMoftQq5OTLBA8ZGpLn,FAILURE
gd7b5KG3fLxo7Y8DGXIZIeQ2DO485lV9,FAILURE
t3vikiBYOay3YfxGCcswMJS0TLBZkSV9,FAILURE
veBP3sTFEIZPuh5LvfnjhGZR6MiwtN46,FAILURE
2F1LkbLZYvy35AUCaWD2ha8KJZgLNYen,FAILURE
tw39epsqPon1FdQHQZ5GDKcOl9TmYdnO,FAILURE
DJX7JuGgzriY4XnbhOMZ1H2CdlUwtB4K,FAILURE
ofD3eGkWeeSmYzbXrijUJBTsH4o114Xa,FAILURE
1A4VZVuzqYItuqq5plWRcbecscYlmkUP,FAILURE
njAZjGvPhMWORJShPhfILJMYLdVKz9uQ,FAILURE
X3yJMcppQvq5S1QhDCLuW8nP3jMBM4HP,FAILURE
Ixps3uETV7UGlJBirSBMzOZnlxH2t3BI,FAILURE
bu9UZxiC4ePd6rWGC0M2PNqpOAxBZJhI,FAILURE
I2OsCLFClzwZCPbzZh48zw9md5LswFFO,FAILURE
zOJTRhRESHFdRXkBlJryrwebyDlK0KzF,FAILURE
FrIMXVAuERrK3fXgjUPDKBdBh6AcgRgm,FAILURE
XAN4TWCjEmpyJwwdOIC6CVnztffDtsmE,FAILURE
rRVyzVp0jLxqstfZwkGeo3tyQCZYZWlr,FAILURE
Fi94VfYKDN1i9zwOsJ9N08nK80bp8NSE,FAILURE
rdb09rYGxFshC9yo6VmGHS75OCmlEoR3,FAILURE
mRUwcnCQ4gQ1mabLX7BuZtBTigZuPech,FAILURE
hDfzT0hZf18dsCmwRoyDdumbvMHKdfT0,FAILURE
4rmAFDEzHu5PVwzApx6L5hFN2nC6sXJT,FAILURE
GGza4hUT9iodrycqbUmNQNvgy3MwXklm,FAILURE
MReNm7hBmkVHjgI0cleCECy7GI394wIl,FAILURE
CCAa6HB7miqqTIszXKfonzaqlqeDny0R,FAILURE
Vxqkv48cGdkzKrX5p8Teyc6EcnLtHMbH,FAILURE
